<?xml version="1.0" encoding="utf-8"?>
<browserconfig>
    <msapplication>
        <tile>
            <square70x70logo src="/favicons/mstile-70x70.png?v=PYAGwkWKJP"/>
            <square150x150logo src="/favicons/mstile-150x150.png?v=PYAGwkWKJP"/>
            <square310x310logo src="/favicons/mstile-310x310.png?v=PYAGwkWKJP"/>
            <wide310x150logo src="/favicons/mstile-310x150.png?v=PYAGwkWKJP"/>
            <TileColor>#666666</TileColor>
        </tile>
    </msapplication>
</browserconfig>
